ID,Variant,Tiktok Category,Num. of Orders,VLOOKUP Name,Category,Sub-category,Product Name,Product Variant,Brand,Pack Size
1732817501280306479,Mặc định,Bọt biển & miếng cọ rửa,15,"[HÀNG TẶNG] Miếng rửa chén hình bông hoa, bông mút rửa bát siêu sạch - giao màu ngẫu nhiên",Quà tặng,Quà tặng,Miếng mút rửa chén,,No-brand,0
1732880134400804143,Anh Đào,Bột giặt,2,Revy Nước giặt xả em bé 2 trong 1 Chai 1.8L - Giúp quần áo cho bé mềm mại và an toàn cho da bé - Công Thức Ion Đột Phá Khử Mùi 99.9% Vi Khuẩn,Chăm sóc gia đình,Nước giặt xả em bé,NGX EB Anh Đào,1.8L,Revy,1.8
1732880134400869679,Ban Mai,Bột giặt,1,Revy Nước giặt xả em bé 2 trong 1 Chai 1.8L - Giúp quần áo cho bé mềm mại và an toàn cho da bé - Công Thức Ion Đột Phá Khử Mùi 99.9% Vi Khuẩn,Chăm sóc gia đình,Nước giặt xả em bé,NGX EB Ban Mai,1.8L,Revy,1.8
1732879791152203055,Chai 100ml,Chai khử trùng cầm tay,2,"[HÀNG CHÍNH HÃNG] I-ONCARE Nước ION xịt khuẩn cá nhân - 100ml & 500ml - Không hóa chất, an toàn da tay, loại bỏ vi khuẩn",Chăm sóc gia đình,Nước xịt khuẩn cá nhân,Nước xịt khuẩn cá nhân,100ml,IONCare,0.1
1732879791152268591,Chai 500ml,Chai khử trùng cầm tay,1,"[HÀNG CHÍNH HÃNG] I-ONCARE Nước ION xịt khuẩn cá nhân - 100ml & 500ml - Không hóa chất, an toàn da tay, loại bỏ vi khuẩn",Chăm sóc gia đình,Nước xịt khuẩn cá nhân,Nước xịt khuẩn cá nhân,500ml,IONCare,0.5
1732647804799386927,Bella,Chất tẩy cặn,1,"Revy Nước Xả Vải - Túi 3.2kg Hương Rosé & Bella - Công Nghệ ION Đột Phá, Giữ Màu Sợi Mềm Mại, Lưu hương bền lâu cả ngày, Hương thơm tinh tế",Chăm sóc gia đình,Nước xả vải,Nước xả vải Bella,Túi 3.2kg,Revy,3.2
1732647860664370479,Bella,Chất tẩy cặn,4,"[HÀNG CHÍNH HÃNG] Revy Nước Xả Vải 2kg Hương Rosé & Bella - Công Nghệ ION Đột Phá, Giữ Màu Sợi Mềm Mại, Lưu hương bền lâu cả ngày, Hương thơm tinh tế",Chăm sóc gia đình,Nước xả vải,Nước xả vải Bella,Chai 2kg,Revy,2
1733266601048638767,COMBO 3 CHAI,Chất tẩy cặn,1,[HÀNG CHÍNH HÃNG] Revy Nước Giặt Xả 2 trong 1 - Chai 2 kg - Công Nghệ ION Đột Phá Làm Sạch Hiệu Quả Mềm Vải Hương Thơm Mát Tiết Kiệm Thời Gian & Công Sức,Chăm sóc gia đình,Nước giặt xả 2-in-1,Nước giặt xả 2-in-1 3 Hương,Chai 2kg x 3 hương,Revy,6
1733266800506537263,COMBO 3 TÚI,Chất tẩy cặn,23,[MUA 1 TẶNG 2] Revy Túi Nước Giặt Xả 2 trong 1 - 3.2kg - Công Nghệ ION Đột Phá Làm Sạch Hiệu Quả Mềm Vải Hương Thơm Mát Tiết Kiệm Thời Gian & Công Sức,Chăm sóc gia đình,Nước giặt xả 2-in-1,Nước giặt xả 2-in-1 3 Hương,Túi 3.2kg x 3 hương,Revy,9.6
1732644672445252911,Hoa Hạ,Chất tẩy cặn,1,[HÀNG CHÍNH HÃNG] Revy Nước Giặt Xả 2 trong 1 - Chai 2 kg - Công Nghệ ION Đột Phá Làm Sạch Hiệu Quả Mềm Vải Hương Thơm Mát Tiết Kiệm Thời Gian & Công Sức,Chăm sóc gia đình,Nước giặt xả 2-in-1,Nước giặt xả 2-in-1 Hoa Hạ,Chai 2kg,Revy,2
1732813660889122095,Hoa Hạ,Chất tẩy cặn,4,[HÀNG CHÍNH HÃNG] COMBO 2 Túi Nước Giặt Xả Revy 2 trong 1 - 3.2kg x 2 - Công Nghệ ION Đột Phá Làm Sạch Hiệu Quả Mềm Vải Hương Thơm Mát Tiết Kiệm Thời Gian & Công Sức,Chăm sóc gia đình,Nước giặt xả 2-in-1,Nước giặt xả 2-in-1 Hoa Hạ,Combo 6.4kg,Revy,6.4
1732817455923168559,Hoa Hạ,Chất tẩy cặn,26,[HÀNG CHÍNH HÃNG] Revy Túi Nước Giặt Xả 2 trong 1 - 3.2kg - Công Nghệ ION Đột Phá Làm Sạch Hiệu Quả Mềm Vải Hương Thơm Mát Tiết Kiệm Thời Gian & Công Sức,Chăm sóc gia đình,Nước giặt xả 2-in-1,Nước giặt xả 2-in-1 Hoa Hạ,Túi 3.2kg,Revy,3.2
1734151389484778799,"Hoa Hạ 2kg + 3,2kg",Chất tẩy cặn,1,[CHÍNH HÃNG] Combo Revy Nước Giặt Xả 2 trong 1 - Công Nghệ ION Đột Phá Làm Sạch Hiệu Quả Mềm Vải Hương Thơm Mát Tiết Kiệm Thời Gian & Công Sức,Chăm sóc gia đình,Nước giặt xả 2-in-1,Nước giặt xả 2-in-1 Hoa Hạ,Combo 5.2kg,Revy,5.2
1732644672445121839,Hoa Nắng,Chất tẩy cặn,7,[HÀNG CHÍNH HÃNG] Revy Nước Giặt Xả 2 trong 1 - Chai 2 kg - Công Nghệ ION Đột Phá Làm Sạch Hiệu Quả Mềm Vải Hương Thơm Mát Tiết Kiệm Thời Gian & Công Sức,Chăm sóc gia đình,Nước giặt xả 2-in-1,Nước giặt xả 2-in-1 Hoa Nắng,Chai 2kg,Revy,2
1732813660888991023,Hoa Nắng,Chất tẩy cặn,4,[HÀNG CHÍNH HÃNG] COMBO 2 Túi Nước Giặt Xả Revy 2 trong 1 - 3.2kg x 2 - Công Nghệ ION Đột Phá Làm Sạch Hiệu Quả Mềm Vải Hương Thơm Mát Tiết Kiệm Thời Gian & Công Sức,Chăm sóc gia đình,Nước giặt xả 2-in-1,Nước giặt xả 2-in-1 Hoa Nắng,Combo 6.4kg,Revy,6.4
1732817455923037487,Hoa Nắng,Chất tẩy cặn,43,[HÀNG CHÍNH HÃNG] Revy Túi Nước Giặt Xả 2 trong 1 - 3.2kg - Công Nghệ ION Đột Phá Làm Sạch Hiệu Quả Mềm Vải Hương Thơm Mát Tiết Kiệm Thời Gian & Công Sức,Chăm sóc gia đình,Nước giặt xả 2-in-1,Nước giặt xả 2-in-1 Hoa Nắng,Túi 3.2kg,Revy,3.2
1735018691781625135,Hoa Nắng + Hoa Xuân + Hoa Hạ,Chất tẩy cặn,4,[HÀNG CHÍNH HÃNG] Revy Túi Nước Giặt Xả 2 trong 1 - 3.2kg - Công Nghệ ION Đột Phá Làm Sạch Hiệu Quả Mềm Vải Hương Thơm Mát Tiết Kiệm Thời Gian & Công Sức,Chăm sóc gia đình,Nước giặt xả 2-in-1,Nước giặt xả 2-in-1 3 Hương,Túi 3.2kg x 3 hương,Revy,9.6
1734151389484647727,"Hoa Nắng 2kg + 3,2kg",Chất tẩy cặn,6,[CHÍNH HÃNG] Combo Revy Nước Giặt Xả 2 trong 1 - Công Nghệ ION Đột Phá Làm Sạch Hiệu Quả Mềm Vải Hương Thơm Mát Tiết Kiệm Thời Gian & Công Sức,Chăm sóc gia đình,Nước giặt xả 2-in-1,Nước giặt xả 2-in-1 Hoa Nắng,Combo 5.2kg,Revy,5.2
1732644672445187375,Hoa Xuân,Chất tẩy cặn,30,[HÀNG CHÍNH HÃNG] Revy Nước Giặt Xả 2 trong 1 - Chai 2 kg - Công Nghệ ION Đột Phá Làm Sạch Hiệu Quả Mềm Vải Hương Thơm Mát Tiết Kiệm Thời Gian & Công Sức,Chăm sóc gia đình,Nước giặt xả 2-in-1,Nước giặt xả 2-in-1 Hoa Xuân,Chai 2kg,Revy,2
1732813660889056559,Hoa Xuân,Chất tẩy cặn,9,[TẶNG GẤU BÔNG] COMBO 2 Túi Nước Giặt Xả Revy 2 trong 1 - 3.2kg x 2 - Công Nghệ ION Đột Phá Làm Sạch Hiệu Quả Mềm Vải Hương Thơm Mát Tiết Kiệm Thời Gian & Công Sức,Chăm sóc gia đình,Nước giặt xả 2-in-1,Nước giặt xả 2-in-1 Hoa Xuân,Combo 6.4kg,Revy,6.4
1732817455923103023,Hoa Xuân,Chất tẩy cặn,82,[HÀNG CHÍNH HÃNG] Revy Túi Nước Giặt Xả 2 trong 1 - 3.2kg - Công Nghệ ION Đột Phá Làm Sạch Hiệu Quả Mềm Vải Hương Thơm Mát Tiết Kiệm Thời Gian & Công Sức,Chăm sóc gia đình,Nước giặt xả 2-in-1,Nước giặt xả 2-in-1 Hoa Xuân,Túi 3.2kg,Revy,3.2
1734151389484713263,"Hoa Xuân 2kg + 3,2kg",Chất tẩy cặn,3,[CHÍNH HÃNG] Combo Revy Nước Giặt Xả 2 trong 1 - Công Nghệ ION Đột Phá Làm Sạch Hiệu Quả Mềm Vải Hương Thơm Mát Tiết Kiệm Thời Gian & Công Sức,Chăm sóc gia đình,Nước giặt xả 2-in-1,Nước giặt xả 2-in-1 Hoa Xuân,Combo 5.2kg,Revy,5.2
1732879614830544175,Mặc định,Chất tẩy cặn,2,[HÀNG CHÍNH HÃNG] I-ONCARE Nước ION xịt khuẩn đa năng 500ml - Loại bỏ 99.9% vi khuẩn hiệu quả cho mọi bề mặt,Chăm sóc gia đình,Nước xịt khuẩn đa năng,Nước xịt khuẩn đa năng,500ml,IONCare,0.5
1732647860664304943,Rosé,Chất tẩy cặn,7,"[HÀNG CHÍNH HÃNG] Revy Nước Xả Vải 2kg Hương Rosé & Bella - Công Nghệ ION Đột Phá, Giữ Màu Sợi Mềm Mại, Lưu hương bền lâu cả ngày, Hương thơm tinh tế",Chăm sóc gia đình,Nước xả vải,Nước xả vải Rosé,Chai 2kg,Revy,2
1732791970731558191,Chanh,Chất tẩy rửa nhà bếp,6,"[HÀNG CHÍNH HÃNG] Nước rửa chén REVY CAN TO 3.8KG - Thành phần công nghệ ion đột phá - Hương trà xanh, Hương chanh, Hương dưa lưới, Hương sả gừng",Chăm sóc gia đình,Nước rửa chén,Nước rửa chén Chanh,Can 3.8kg,Revy,3.8
1732644327788676399,Hương Chanh,Chất tẩy rửa nhà bếp,33,"[HÀNG TẶNG] Nước rửa chén REVY 400g - Thành phần công nghệ ion đột phá - Hương trà xanh, Hương chanh, Hương dưa lưới, Hương sả gừng",Chăm sóc gia đình,Nước rửa chén,Nước rửa chén Chanh,Chai 400g,Revy,0.4
1732644396666291503,Hương Chanh,Chất tẩy rửa nhà bếp,1,"[HÀNG CHÍNH HÃNG] Nước rửa chén REVY 800g - Thành phần công nghệ ion đột phá - Hương trà xanh, Hương chanh, Hương dưa lưới, Hương sả gừng",Chăm sóc gia đình,Nước rửa chén,Nước rửa chén Chanh,Chai 800g,Revy,0.8
1732644327788873007,Hương Sả Gừng,Chất tẩy rửa nhà bếp,1,"Nước rửa chén REVY 400g - Thành phần công nghệ ion đột phá - Hương trà xanh, Hương chanh, Hương dưa lưới, Hương sả gừng",Chăm sóc gia đình,Nước rửa chén,Nước rửa chén Sả Gừng,Chai 400g,Revy,0.4
1732644396666488111,Hương Sả gừng,Chất tẩy rửa nhà bếp,1,"[HÀNG CHÍNH HÃNG] Nước rửa chén REVY 800g - Thành phần công nghệ ion đột phá - Hương trà xanh, Hương chanh, Hương dưa lưới, Hương sả gừng",Chăm sóc gia đình,Nước rửa chén,Nước rửa chén Sả Gừng,Chai 800g,Revy,0.8
1732644327788741935,Hương Trà xanh,Chất tẩy rửa nhà bếp,15,"[HÀNG CHÍNH HÃNG] Nước rửa chén REVY 400g - Thành phần công nghệ ion đột phá - Hương trà xanh, Hương chanh, Hương dưa lưới, Hương sả gừng",Chăm sóc gia đình,Nước rửa chén,Nước rửa chén Trà Xanh,Chai 400g,Revy,0.4
1732644327788807471,Hương Trà xanh Dưa lưới,Chất tẩy rửa nhà bếp,5,"[HÀNG CHÍNH HÃNG] Nước rửa chén REVY 400g - Thành phần công nghệ ion đột phá - Hương trà xanh, Hương chanh, Hương dưa lưới, Hương sả gừng",Chăm sóc gia đình,Nước rửa chén,Nước rửa chén Trà Xanh Dưa Lưới,Chai 400g,Revy,0.4
1732644396666422575,Hương Trà xanh Dưa lưới,Chất tẩy rửa nhà bếp,1,"[HÀNG CHÍNH HÃNG] Nước rửa chén REVY 800g - Thành phần công nghệ ion đột phá - Hương trà xanh, Hương chanh, Hương dưa lưới, Hương sả gừng",Chăm sóc gia đình,Nước rửa chén,Nước rửa chén Trà Xanh Dưa Lưới,Chai 800g,Revy,0.8
1733294593666942255,Không hương ( Dành cho da nhạy cảm với hương liệu),Chất tẩy rửa nhà bếp,48,"[HÀNG CHÍNH HÃNG] Nước rửa chén REVY 400g - Thành phần công nghệ ion đột phá - Hương trà xanh, Hương chanh, Hương dưa lưới, Hương sả gừng",Chăm sóc gia đình,Nước rửa chén,Nước rửa chén Không Hương,Chai 400g,Revy,0.4
1732791970731754799,Sả gừng,Chất tẩy rửa nhà bếp,10,"[HÀNG CHÍNH HÃNG] Nước rửa chén REVY CAN TO 3.8KG - Thành phần công nghệ ion đột phá - Hương trà xanh, Hương chanh, Hương dưa lưới, Hương sả gừng",Chăm sóc gia đình,Nước rửa chén,Nước rửa chén Sả Gừng,Can 3.8kg,Revy,3.8
1732791970731623727,Trà xanh,Chất tẩy rửa nhà bếp,2,"[HÀNG CHÍNH HÃNG] Nước rửa chén REVY CAN TO 3.8KG - Thành phần công nghệ ion đột phá - Hương trà xanh, Hương chanh, Hương dưa lưới, Hương sả gừng",Chăm sóc gia đình,Nước rửa chén,Nước rửa chén Trà Xanh,Can 3.8kg,Revy,3.8
1732791970731689263,Trà xanh Dưa lưới,Chất tẩy rửa nhà bếp,4,"[HÀNG CHÍNH HÃNG] Nước rửa chén REVY CAN TO 3.8KG - Thành phần công nghệ ion đột phá - Hương trà xanh, Hương chanh, Hương dưa lưới, Hương sả gừng",Chăm sóc gia đình,Nước rửa chén,Nước rửa chén Trà Xanh Dưa Lưới,Can 3.8kg,Revy,3.8
1734105568555271471,(FREE) BÌNH THỦY TINH CAO CẤP,Cà phê,9,[HÀNG QUÀ TẶNG] KINKA Cà phê Sâm Ngọc Linh / Bột đậu xanh gói | TRƯỜNG DƯƠNG,Quà tặng,Quà tặng,Bình thủy tinh,,No-brand,0
1735711594242082095,(FREE) BÔNG TẮM HÌNH HOA,Cà phê,3,[HÀNG QUÀ TẶNG] Quà tặng chương trình khuyến mãi tháng ( có thể thay đổi) | TRƯỜNG DƯƠNG,Quà tặng,Quà tặng,Bông tắm hình hoa,,No-brand,0
1735171027791349039,(FREE) CA GIỮ NHIỆT 1L,Cà phê,24,[HÀNG QUÀ TẶNG] Quà tặng chương trình khuyến mãi tháng ( có thể thay đổi) | TRƯỜNG DƯƠNG,Quà tặng,Quà tặng,Ca giữ nhiệt 1L,,No-brand,0
1735722211439052079,(FREE) COMBO 5 KHĂN ĐA NĂNG,Cà phê,7,[HÀNG QUÀ TẶNG] Quà tặng chương trình khuyến mãi tháng ( có thể thay đổi) | TRƯỜNG DƯƠNG,Quà tặng,Quà tặng,Combo 5 khăn lau đa năng,,No-brand,0
1734438970821215535,(FREE) GẤU BÔNG,Cà phê,151,[HÀNG QUÀ TẶNG] Quà tặng chương trình khuyến mãi tháng ( có thể thay đổi) | TRƯỜNG DƯƠNG,Quà tặng,Quà tặng,Gấu bông,,No-brand,0
1734518098545575215,(FREE) LY 700ML,Cà phê,98,[HÀNG QUÀ TẶNG] KINKA Cà phê Sâm Ngọc Linh / Bột đậu xanh gói | TRƯỜNG DƯƠNG,Quà tặng,Quà tặng,Ly 700ml,,No-brand,0
1735171027791217967,(FREE) LƯỢC GỠ RỐI,Cà phê,4,[HÀNG QUÀ TẶNG] Quà tặng chương trình khuyến mãi tháng ( có thể thay đổi) | TRƯỜNG DƯƠNG,Quà tặng,Quà tặng,Lược gỡ rối,,No-brand,0
1735171027791283503,(FREE) QUẠT VIỆT NAM,Cà phê,1,[HÀNG QUÀ TẶNG] KINKA Cà phê Sâm Ngọc Linh / Bột đậu xanh gói | TRƯỜNG DƯƠNG,Quà tặng,Quà tặng,Quạt cầm tay,,No-brand,0
1733075941853725999,(HÀNG TẶNG KÈM) Bột đậu xanh 1 gói,Cà phê,8,[HÀNG QUÀ TẶNG] KINKA Cà phê Sâm Ngọc Linh / Bột đậu xanh gói | TRƯỜNG DƯƠNG,Quà tặng,Quà tặng,Quà bột đậu xanh,,No-brand,0
1734506245082023215,1 HỘP/10 GÓI,Cà phê,24,[CHÍNH HÃNG] KINKA Cà phê hòa tan cà phê vị dừa - Hộp 180g (10 gói x 18g) - Thơm ngon béo vị cốt dừa,Trà & Cà phê,Cà phê,Cà phê Dừa,1 hộp 180g,Kinka,0.18
1734439066470155567,1 Hộp/ 10 gói,Cà phê,534,[CHÍNH HÃNG] KINKA Cà phê muối thơm ngon - Hộp 180g (10 gói x 18g) - Cà phê hòa tan muối hồng tách cà phê béo ngậy đậm vị - Tự hào hàng Việt,Trà & Cà phê,Cà phê,Cà phê Muối,1 hộp 180g,Kinka,0.18
1734927894849619247,1 Hộp/10 gói,Cà phê,79,"[CHÍNH HÃNG] KINKA Cà phê hòa tan Cà phê sầu riêng- Hộp 180g (10 gói x 18g) - Cà phê vị sầu riêng béo ngậy, sánh mịn",Trà & Cà phê,Cà phê,Cà phê Sầu Riêng,1 hộp 180g,Kinka,0.18
1734242429023323439,1 hộp/ 10 gói,Cà phê,32,"[CHÍNH HÃNG] KINKA Cà phê hòa tan Cà phê Sữa  - Cafe 3in1 Hộp 180g (10 gói x 18g) - Thơm béo cà phê, tiện lợi. Tự hào hàng Việt",Trà & Cà phê,Cà phê,Cà phê Sữa,1 hộp 180g,Kinka,0.18
1734506245082088751,2 HỘP/20 GÓI,Cà phê,5,[CHÍNH HÃNG] KINKA Cà phê hòa tan cà phê vị dừa - Hộp 180g (10 gói x 18g) - Thơm ngon béo vị cốt dừa,Trà & Cà phê,Cà phê,Cà phê Dừa,2 hộp 180g,Kinka,0.36
1734927894849684783,2 hộp / 20 gói,Cà phê,12,"[CHÍNH HÃNG] KINKA Cà phê hòa tan Cà phê sầu riêng- Hộp 180g (10 gói x 18g) - Cà phê vị sầu riêng béo ngậy, sánh mịn",Trà & Cà phê,Cà phê,Cà phê Sầu Riêng,2 hộp 180g,Kinka,0.36
1734439066470221103,2 hộp /20 gói,Cà phê,82,[CHÍNH HÃNG] KINKA Cà phê muối thơm ngon - Hộp 180g (10 gói x 18g) - Cà phê hòa tan muối hồng tách cà phê béo ngậy đậm vị - Tự hào hàng Việt,Trà & Cà phê,Cà phê,Cà phê Muối,2 hộp 180g,Kinka,0.36
1734927894849750319,3 hộp/30 gói,Cà phê,6,"[CHÍNH HÃNG] KINKA Cà phê hòa tan Cà phê sầu riêng- Hộp 180g (10 gói x 18g) - Cà phê vị sầu riêng béo ngậy, sánh mịn",Trà & Cà phê,Cà phê,Cà phê Sầu Riêng,3 hộp 180g,Kinka,0.54
1735205062865093935,"CF Muối + CF Dừa + CF Sầu Riêng, ( free) Trà Atiso",Cà phê,4,"[TẶNG QUÀ x COMBO 3 HỘP] KINKA Cà phê hòa tan Cà phê  - Cafe 3in1 Hộp 180g (10 gói x 18g) - Thơm béo cà phê, tiện lợi. Tự hào hàng Việt",Trà & Cà phê,Cà phê,Cà phê Combo 3 Hộp,3 hộp 180g,Kinka,0.54
1735205061129504047,"CF Muối + CF Dừa + CF Sầu Riêng, (FREE) QUẠT CẦM TAY MINI",Cà phê,9,"[TẶNG QUÀ x COMBO 3 HỘP] KINKA Cà phê hòa tan Cà phê  - Cafe 3in1 Hộp 180g (10 gói x 18g) - Thơm béo cà phê, tiện lợi. Tự hào hàng Việt",Trà & Cà phê,Cà phê,Cà phê Combo 3 Hộp,3 hộp 180g,Kinka,0.54
1735205062865159471,"CF Muối + CF Dừa + CF Sầu Riêng, (free) Ly đổi màu 710ml",Cà phê,4,"[TẶNG QUÀ x COMBO 3 HỘP] KINKA Cà phê hòa tan Cà phê  - Cafe 3in1 Hộp 180g (10 gói x 18g) - Thơm béo cà phê, tiện lợi. Tự hào hàng Việt",Trà & Cà phê,Cà phê,Cà phê Combo 3 Hộp,3 hộp 180g,Kinka,0.54
1735205062865290543,"CF Muối + CF Dừa + CF Sầu Riêng, (free) Xô giữ nhiệt 1L",Cà phê,5,"[TẶNG QUÀ x COMBO 3 HỘP] KINKA Cà phê hòa tan Cà phê  - Cafe 3in1 Hộp 180g (10 gói x 18g) - Thơm béo cà phê, tiện lợi. Tự hào hàng Việt",Trà & Cà phê,Cà phê,Cà phê Combo 3 Hộp,3 hộp 180g,Kinka,0.54
1735205062865356079,"CF Muối + CF Đen + CF Sữa, ( free) Trà Atiso",Cà phê,1,"[TẶNG QUÀ x COMBO 3 HỘP] KINKA Cà phê hòa tan Cà phê  - Cafe 3in1 Hộp 180g (10 gói x 18g) - Thơm béo cà phê, tiện lợi. Tự hào hàng Việt",Trà & Cà phê,Cà phê,Cà phê Combo 3 Hộp,3 hộp 180g,Kinka,0.54
1735205061129569583,"CF Muối + CF Đen + CF Sữa, (FREE) QUẠT CẦM TAY MINI",Cà phê,2,"[TẶNG QUÀ x COMBO 3 HỘP] KINKA Cà phê hòa tan Cà phê  - Cafe 3in1 Hộp 180g (10 gói x 18g) - Thơm béo cà phê, tiện lợi. Tự hào hàng Việt",Trà & Cà phê,Cà phê,Cà phê Combo 3 Hộp,3 hộp 180g,Kinka,0.54
1735205062865552687,"CF Muối + CF Đen + CF Sữa, (free) Xô giữ nhiệt 1L",Cà phê,2,"[TẶNG QUÀ x COMBO 3 HỘP] KINKA Cà phê hòa tan Cà phê  - Cafe 3in1 Hộp 180g (10 gói x 18g) - Thơm béo cà phê, tiện lợi. Tự hào hàng Việt",Trà & Cà phê,Cà phê,Cà phê Combo 3 Hộp,3 hộp 180g,Kinka,0.54
1735246414202373423,"CF Muối+CF Dừa+CF Sữa (Đổi vị khác bạn note lại ạ), ( free) Trà Atiso",Cà phê,3,"[TẶNG QUÀ x COMBO 3 HỘP] KINKA Cà phê hòa tan Cà phê  - Cafe 3in1 Hộp 180g (10 gói x 18g) - Thơm béo cà phê, tiện lợi. Tự hào hàng Việt",Trà & Cà phê,Cà phê,Cà phê Combo 3 Hộp,3 hộp 180g,Kinka,0.54
1735246414202635567,"CF Muối+CF Dừa+CF Sữa (Đổi vị khác bạn note lại ạ), (FREE) QUẠT CẦM TAY MINI",Cà phê,1,"[TẶNG QUÀ x COMBO 3 HỘP] KINKA Cà phê hòa tan Cà phê  - Cafe 3in1 Hộp 180g (10 gói x 18g) - Thơm béo cà phê, tiện lợi. Tự hào hàng Việt",Trà & Cà phê,Cà phê,Cà phê Combo 3 Hộp,3 hộp 180g,Kinka,0.54
1735246414202438959,"CF Muối+CF Dừa+CF Sữa (Đổi vị khác bạn note lại ạ), (free) Ly đổi màu 710ml",Cà phê,1,"[TẶNG QUÀ x COMBO 3 HỘP] KINKA Cà phê hòa tan Cà phê  - Cafe 3in1 Hộp 180g (10 gói x 18g) - Thơm béo cà phê, tiện lợi. Tự hào hàng Việt",Trà & Cà phê,Cà phê,Cà phê Combo 3 Hộp,3 hộp 180g,Kinka,0.54
1735246414202570031,"CF Muối+CF Dừa+CF Sữa (Đổi vị khác bạn note lại ạ), (free) Xô giữ nhiệt 1L",Cà phê,3,"[TẶNG QUÀ x COMBO 3 HỘP] KINKA Cà phê hòa tan Cà phê  - Cafe 3in1 Hộp 180g (10 gói x 18g) - Thơm béo cà phê, tiện lợi. Tự hào hàng Việt",Trà & Cà phê,Cà phê,Cà phê Combo 3 Hộp,3 hộp 180g,Kinka,0.54
1734999282941068591,COMBO 5 HỘP,Cà phê,14,[HOÀNG MÈO x COMBO 5 HỘP] KINKA Cà phê thơm ngon - Hộp 180g (10 gói x 18g) - Cà phê hòa tan tách cà phê béo ngậy đậm vị - Tự hào hàng Việt,Trà & Cà phê,Cà phê,Cà phê Combo 5 Hộp,5 hộp 180g,Kinka,0.9
1735321620291618095,"COMBO 5 HỘP , (FREE) QUẠT ĐIỆN CẦM TAY MINI",Cà phê,1,[QUÀ TẶNG x COMBO 5 HỘP] KINKA Cà phê thơm ngon - Hộp 180g (10 gói x 18g) - Cà phê hòa tan tách cà phê béo ngậy đậm vị - Tự hào hàng Việt,Trà & Cà phê,Cà phê,Cà phê Combo 5 Hộp,5 hộp 180g,Kinka,0.9
1734565511021364527,"COMBO 5 HỘP , FREE 1 HỘP TRÀ THẢO MỘC/25 GÓI",Cà phê,9,[COMBO 5 HỘP] KINKA Cà phê thơm ngon - Hộp 180g (10 gói x 18g) - Cà phê hòa tan tách cà phê béo ngậy đậm vị - Tự hào hàng Việt,Trà & Cà phê,Cà phê,Cà phê Combo 5 Hộp,5 hộp 180g,Kinka,0.9
1734739838514464047,"COMBO 5 HỘP , FREE 1 LY 700ML",Cà phê,10,[HOÀNG MÈO x COMBO 5 HỘP] KINKA Cà phê thơm ngon - Hộp 180g (10 gói x 18g) - Cà phê hòa tan tách cà phê béo ngậy đậm vị - Tự hào hàng Việt,Trà & Cà phê,Cà phê,Cà phê Combo 5 Hộp,5 hộp 180g,Kinka,0.9
1734857466270942511,"COMBO 5 HỘP , FREE TRÀ THẢO MỘC ATISO",Cà phê,1,[HOÀNG MÈO x COMBO 5 HỘP] KINKA Cà phê thơm ngon - Hộp 180g (10 gói x 18g) - Cà phê hòa tan tách cà phê béo ngậy đậm vị - Tự hào hàng Việt,Trà & Cà phê,Cà phê,Cà phê Combo 5 Hộp,5 hộp 180g,Kinka,0.9
1734242429023388975,Combo 2 hộp/20 gói,Cà phê,5,"[CHÍNH HÃNG] KINKA Cà phê hòa tan Cà phê Sữa  - Cafe 3in1 Hộp 180g (10 gói x 18g) - Thơm béo cà phê, tiện lợi. Tự hào hàng Việt",Trà & Cà phê,Cà phê,Cà phê Sữa,2 hộp 180g,Kinka,0.36
1735712187648017711,"Cà phê Muối , Chọn vị khác nhờ bạn note lại giúp shop ạ",Cà phê,8,"[TẶNG QUÀ x COMBO 3 HỘP] KINKA Cà phê hòa tan Cà phê  - Cafe 3in1 Hộp 180g (10 gói x 18g) - Thơm béo cà phê, tiện lợi. Tự hào hàng Việt",Trà & Cà phê,Cà phê,Cà phê Combo 3 Hộp,3 hộp 180g,Kinka,0.54
1735536605881599279,"Cà phê Muối , Chọn vị khác nhờ bạn note lại giúp shop ạ, (FREE) CA GIỮ NHIỆT 1L PLUS",Cà phê,10,"[TẶNG QUÀ x COMBO 3 HỘP] KINKA Cà phê hòa tan Cà phê  - Cafe 3in1 Hộp 180g (10 gói x 18g) - Thơm béo cà phê, tiện lợi. Tự hào hàng Việt",Trà & Cà phê,Cà phê,Cà phê Combo 3 Hộp,3 hộp 180g,Kinka,0.54
1735455730429297967,"Cà phê Muối , Chọn vị khác nhờ bạn note lại giúp shop ạ, (FREE) CA GIỮ NHIỆT 700ML",Cà phê,4,"[TẶNG THÚ BÔNG]  x COMBO 3 HỘP] KINKA Cà phê hòa tan Cà phê  - Cafe 3in1 Hộp 180g (10 gói x 18g) - Thơm béo cà phê, tiện lợi. Tự hào hàng Việt",Trà & Cà phê,Cà phê,Cà phê Combo 3 Hộp,3 hộp 180g,Kinka,0.54
1735331399830111535,"Cà phê Muối , Chọn vị khác nhờ bạn note lại giúp shop ạ, (FREE) THÙNG ĐÁ MINICE 1L",Cà phê,6,"[TẶNG THÙNG ĐÁ 1L  x COMBO 3 HỘP] KINKA Cà phê hòa tan Cà phê  - Cafe 3in1 Hộp 180g (10 gói x 18g) - Thơm béo cà phê, tiện lợi. Tự hào hàng Việt",Trà & Cà phê,Cà phê,Cà phê Combo 3 Hộp,3 hộp 180g,Kinka,0.54
1735671365928912175,"Cà phê Muối , Chọn vị khác nhờ bạn note lại giúp shop ạ, (FREE) THÚ BÔNG NGẪU NHIÊN",Cà phê,2,"[TẶNG QUÀ x COMBO 3 HỘP] KINKA Cà phê hòa tan Cà phê  - Cafe 3in1 Hộp 180g (10 gói x 18g) - Thơm béo cà phê, tiện lợi. Tự hào hàng Việt",Trà & Cà phê,Cà phê,Cà phê Combo 3 Hộp,3 hộp 180g,Kinka,0.54
1735559155807913263,"Cà phê Muối , Chọn vị khác nhờ bạn note lại giúp shop ạ, (FREE) TRÀ TIM SEN",Cà phê,1,"[TẶNG CA GIỮ NHIỆT 1L PLUS x COMBO 3 HỘP] KINKA Cà phê hòa tan Cà phê  - Cafe 3in1 Hộp 180g (10 gói x 18g) - Thơm béo cà phê, tiện lợi. Tự hào hàng Việt",Trà & Cà phê,Cà phê,Cà phê Combo 3 Hộp,3 hộp 180g,Kinka,0.54
1735508094639179055,"Cà phê Muối , Chọn vị khác nhờ bạn note lại giúp shop ạ, (Free) Thú Bông ( số lượng ít)",Cà phê,5,"[TẶNG CA GIỮ NHIỆT 1L PLUS x COMBO 3 HỘP] KINKA Cà phê hòa tan Cà phê  - Cafe 3in1 Hộp 180g (10 gói x 18g) - Thơm béo cà phê, tiện lợi. Tự hào hàng Việt",Trà & Cà phê,Cà phê,Cà phê Combo 3 Hộp,3 hộp 180g,Kinka,0.54
1734859144066991407,"Cà phê Muối , Cà Phê Dừa",Cà phê,8,"[TẶNG QUÀ x COMBO 2 HỘP] KINKA Cà phê hòa tan Cà phê  - Cafe 3in1 Hộp 180g (10 gói x 18g) - Thơm béo cà phê, tiện lợi. Tự hào hàng Việt",Trà & Cà phê,Cà phê,Cà phê Combo 2 Hộp,2 hộp 180g,Kinka,0.36
1735712187647886639,"Cà phê Muối , Cà Phê Dừa + Cà phê Sầu riêng",Cà phê,17,"[TẶNG QUÀ x COMBO 3 HỘP] KINKA Cà phê hòa tan Cà phê  - Cafe 3in1 Hộp 180g (10 gói x 18g) - Thơm béo cà phê, tiện lợi. Tự hào hàng Việt",Trà & Cà phê,Cà phê,Cà phê Combo 3 Hộp,3 hộp 180g,Kinka,0.54
1735536605881468207,"Cà phê Muối , Cà Phê Dừa + Cà phê Sầu riêng, (FREE) CA GIỮ NHIỆT 1L PLUS",Cà phê,42,"[TẶNG QUÀ x COMBO 3 HỘP] KINKA Cà phê hòa tan Cà phê  - Cafe 3in1 Hộp 180g (10 gói x 18g) - Thơm béo cà phê, tiện lợi. Tự hào hàng Việt",Trà & Cà phê,Cà phê,Cà phê Combo 3 Hộp,3 hộp 180g,Kinka,0.54
1735659965165307183,"Cà phê Muối , Cà Phê Dừa + Cà phê Sầu riêng, (FREE) CA GIỮ NHIỆT 1L PLUS",Cà phê,10,"[KOC]x[COMBO 3 HỘP] KINKA Cà phê hòa tan Cà phê  - Cafe 3in1 Hộp 180g (10 gói x 18g) - Thơm béo cà phê, tiện lợi. Tự hào hàng Việt",Trà & Cà phê,Cà phê,Cà phê Combo 3 Hộp,3 hộp 180g,Kinka,0.54
1735455739197031727,"Cà phê Muối , Cà Phê Dừa + Cà phê Sầu riêng, (FREE) CA GIỮ NHIỆT 700ML",Cà phê,15,"[TẶNG THÚ BÔNG]  x COMBO 3 HỘP] KINKA Cà phê hòa tan Cà phê  - Cafe 3in1 Hộp 180g (10 gói x 18g) - Thơm béo cà phê, tiện lợi. Tự hào hàng Việt",Trà & Cà phê,Cà phê,Cà phê Combo 3 Hộp,3 hộp 180g,Kinka,0.54
1735331399829652783,"Cà phê Muối , Cà Phê Dừa + Cà phê Sầu riêng, (FREE) QUẠT CẦM TAY MINI",Cà phê,10,"[TẶNG QUẠT ĐIỆN MINI x COMBO 3 HỘP] KINKA Cà phê hòa tan Cà phê  - Cafe 3in1 Hộp 180g (10 gói x 18g) - Thơm béo cà phê, tiện lợi. Tự hào hàng Việt",Trà & Cà phê,Cà phê,Cà phê Combo 3 Hộp,3 hộp 180g,Kinka,0.54
1735331399829718319,"Cà phê Muối , Cà Phê Dừa + Cà phê Sầu riêng, (FREE) THÙNG ĐÁ MINICE 1L",Cà phê,36,"[TẶNG THÙNG ĐÁ 1L  x COMBO 3 HỘP] KINKA Cà phê hòa tan Cà phê  - Cafe 3in1 Hộp 180g (10 gói x 18g) - Thơm béo cà phê, tiện lợi. Tự hào hàng Việt",Trà & Cà phê,Cà phê,Cà phê Combo 3 Hộp,3 hộp 180g,Kinka,0.54
1735812639800001839,"Cà phê Muối , Cà Phê Dừa + Cà phê Sầu riêng, (FREE) THÚ BÔNG",Cà phê,6,"[KOC]x[COMBO 3 HỘP] KINKA Cà phê hòa tan Cà phê  - Cafe 3in1 Hộp 180g (10 gói x 18g) - Thơm béo cà phê, tiện lợi. Tự hào hàng Việt",Trà & Cà phê,Cà phê,Cà phê Combo 3 Hộp,3 hộp 180g,Kinka,0.54
1735671365928781103,"Cà phê Muối , Cà Phê Dừa + Cà phê Sầu riêng, (FREE) THÚ BÔNG NGẪU NHIÊN",Cà phê,5,"[TẶNG QUÀ x COMBO 3 HỘP] KINKA Cà phê hòa tan Cà phê  - Cafe 3in1 Hộp 180g (10 gói x 18g) - Thơm béo cà phê, tiện lợi. Tự hào hàng Việt",Trà & Cà phê,Cà phê,Cà phê Combo 3 Hộp,3 hộp 180g,Kinka,0.54
1735559155807782191,"Cà phê Muối , Cà Phê Dừa + Cà phê Sầu riêng, (FREE) TRÀ TIM SEN",Cà phê,5,"[TẶNG QUÀ x COMBO 3 HỘP] KINKA Cà phê hòa tan Cà phê  - Cafe 3in1 Hộp 180g (10 gói x 18g) - Thơm béo cà phê, tiện lợi. Tự hào hàng Việt",Trà & Cà phê,Cà phê,Cà phê Combo 3 Hộp,3 hộp 180g,Kinka,0.54
1735659965165372719,"Cà phê Muối , Cà Phê Dừa + Cà phê Sầu riêng, (FREE) TRÀ TIM SEN",Cà phê,1,"[KOC]x[COMBO 3 HỘP] KINKA Cà phê hòa tan Cà phê  - Cafe 3in1 Hộp 180g (10 gói x 18g) - Thơm béo cà phê, tiện lợi. Tự hào hàng Việt",Trà & Cà phê,Cà phê,Cà phê Combo 3 Hộp,3 hộp 180g,Kinka,0.54
1735508094639047983,"Cà phê Muối , Cà Phê Dừa + Cà phê Sầu riêng, (Free) Thú Bông ( số lượng ít)",Cà phê,26,"[TẶNG CA GIỮ NHIỆT 1L PLUS x COMBO 3 HỘP] KINKA Cà phê hòa tan Cà phê  - Cafe 3in1 Hộp 180g (10 gói x 18g) - Thơm béo cà phê, tiện lợi. Tự hào hàng Việt",Trà & Cà phê,Cà phê,Cà phê Combo 3 Hộp,3 hộp 180g,Kinka,0.54
1734196084552074543,"Cà phê Muối , Cà Phê Dừa, Cà phê sữa",Cà phê,16,"[COMBO 3 HỘP] KINKA Cà phê hòa tan Cà phê  - Cafe 3in1 Hộp 180g (10 gói x 18g) - Thơm béo cà phê, tiện lợi. Tự hào hàng Việt",Trà & Cà phê,Cà phê,Cà phê Combo 3 Hộp,3 hộp 180g,Kinka,0.54
1734243057001596207,"Cà phê Muối , Cà Phê Dừa, Cà phê sữa",Cà phê,176,"[HOÀNG MÈO x COMBO 3 HỘP] KINKA Cà phê hòa tan Cà phê  - Cafe 3in1 Hộp 180g (10 gói x 18g) - Thơm béo cà phê, tiện lợi. Tự hào hàng Việt",Trà & Cà phê,Cà phê,Cà phê Combo 3 Hộp,3 hộp 180g,Kinka,0.54
1734196084552140079,"Cà phê Muối , Cà Phê Dừa, Cà phê Đen",Cà phê,4,"[COMBO 3 HỘP] KINKA Cà phê hòa tan Cà phê  - Cafe 3in1 Hộp 180g (10 gói x 18g) - Thơm béo cà phê, tiện lợi. Tự hào hàng Việt",Trà & Cà phê,Cà phê,Cà phê Combo 3 Hộp,3 hộp 180g,Kinka,0.54
1734243057001661743,"Cà phê Muối , Cà Phê Dừa, Cà phê Đen",Cà phê,22,"[HOÀNG MÈO x COMBO 3 HỘP] KINKA Cà phê hòa tan Cà phê  - Cafe 3in1 Hộp 180g (10 gói x 18g) - Thơm béo cà phê, tiện lợi. Tự hào hàng Việt",Trà & Cà phê,Cà phê,Cà phê Combo 3 Hộp,3 hộp 180g,Kinka,0.54
1734859144067188015,"Cà phê Muối , Cà Phê Sữa",Cà phê,4,"[HOÀNG MÈO x COMBO 2 HỘP] KINKA Cà phê hòa tan Cà phê  - Cafe 3in1 Hộp 180g (10 gói x 18g) - Thơm béo cà phê, tiện lợi. Tự hào hàng Việt",Trà & Cà phê,Cà phê,Cà phê Combo 2 Hộp,2 hộp 180g,Kinka,0.36
1734859144067122479,"Cà phê Muối , Cà Phê Đen",Cà phê,2,"[HOÀNG MÈO x COMBO 2 HỘP] KINKA Cà phê hòa tan Cà phê  - Cafe 3in1 Hộp 180g (10 gói x 18g) - Thơm béo cà phê, tiện lợi. Tự hào hàng Việt",Trà & Cà phê,Cà phê,Cà phê Combo 2 Hộp,2 hộp 180g,Kinka,0.36
1735712187647952175,"Cà phê Muối , Cà Phê Đen + Cà Phê Sữa",Cà phê,4,"[TẶNG QUÀ x COMBO 3 HỘP] KINKA Cà phê hòa tan Cà phê  - Cafe 3in1 Hộp 180g (10 gói x 18g) - Thơm béo cà phê, tiện lợi. Tự hào hàng Việt",Trà & Cà phê,Cà phê,Cà phê Combo 3 Hộp,3 hộp 180g,Kinka,0.54
1735536605881533743,"Cà phê Muối , Cà Phê Đen + Cà Phê Sữa, (FREE) CA GIỮ NHIỆT 1L PLUS",Cà phê,12,"[TẶNG QUÀ x COMBO 3 HỘP] KINKA Cà phê hòa tan Cà phê  - Cafe 3in1 Hộp 180g (10 gói x 18g) - Thơm béo cà phê, tiện lợi. Tự hào hàng Việt",Trà & Cà phê,Cà phê,Cà phê Combo 3 Hộp,3 hộp 180g,Kinka,0.54
1735659965165438255,"Cà phê Muối , Cà Phê Đen + Cà Phê Sữa, (FREE) CA GIỮ NHIỆT 1L PLUS",Cà phê,1,"[KOC]x[COMBO 3 HỘP] KINKA Cà phê hòa tan Cà phê  - Cafe 3in1 Hộp 180g (10 gói x 18g) - Thơm béo cà phê, tiện lợi. Tự hào hàng Việt",Trà & Cà phê,Cà phê,Cà phê Combo 3 Hộp,3 hộp 180g,Kinka,0.54
1735455730429232431,"Cà phê Muối , Cà Phê Đen + Cà Phê Sữa, (FREE) CA GIỮ NHIỆT 700ML",Cà phê,4,"[TẶNG THÚ BÔNG]  x COMBO 3 HỘP] KINKA Cà phê hòa tan Cà phê  - Cafe 3in1 Hộp 180g (10 gói x 18g) - Thơm béo cà phê, tiện lợi. Tự hào hàng Việt",Trà & Cà phê,Cà phê,Cà phê Combo 3 Hộp,3 hộp 180g,Kinka,0.54
1735331399829849391,"Cà phê Muối , Cà Phê Đen + Cà Phê Sữa, (FREE) QUẠT CẦM TAY MINI",Cà phê,4,"[TẶNG QUẠT ĐIỆN MINI x COMBO 3 HỘP] KINKA Cà phê hòa tan Cà phê  - Cafe 3in1 Hộp 180g (10 gói x 18g) - Thơm béo cà phê, tiện lợi. Tự hào hàng Việt",Trà & Cà phê,Cà phê,Cà phê Combo 3 Hộp,3 hộp 180g,Kinka,0.54
1735331399829914927,"Cà phê Muối , Cà Phê Đen + Cà Phê Sữa, (FREE) THÙNG ĐÁ MINICE 1L",Cà phê,9,"[TẶNG THÙNG ĐÁ 1L  x COMBO 3 HỘP] KINKA Cà phê hòa tan Cà phê  - Cafe 3in1 Hộp 180g (10 gói x 18g) - Thơm béo cà phê, tiện lợi. Tự hào hàng Việt",Trà & Cà phê,Cà phê,Cà phê Combo 3 Hộp,3 hộp 180g,Kinka,0.54
1735559155807847727,"Cà phê Muối , Cà Phê Đen + Cà Phê Sữa, (FREE) TRÀ TIM SEN",Cà phê,3,"[TẶNG CA GIỮ NHIỆT 1L PLUS x COMBO 3 HỘP] KINKA Cà phê hòa tan Cà phê  - Cafe 3in1 Hộp 180g (10 gói x 18g) - Thơm béo cà phê, tiện lợi. Tự hào hàng Việt",Trà & Cà phê,Cà phê,Cà phê Combo 3 Hộp,3 hộp 180g,Kinka,0.54
1735508094639113519,"Cà phê Muối , Cà Phê Đen + Cà Phê Sữa, (Free) Thú Bông ( số lượng ít)",Cà phê,15,"[TẶNG CA GIỮ NHIỆT 1L PLUS x COMBO 3 HỘP] KINKA Cà phê hòa tan Cà phê  - Cafe 3in1 Hộp 180g (10 gói x 18g) - Thơm béo cà phê, tiện lợi. Tự hào hàng Việt",Trà & Cà phê,Cà phê,Cà phê Combo 3 Hộp,3 hộp 180g,Kinka,0.54
1734859144067056943,"Cà phê Muối , Cà phê Sầu riêng",Cà phê,6,"[TẶNG QUÀ x COMBO 2 HỘP] KINKA Cà phê hòa tan Cà phê  - Cafe 3in1 Hộp 180g (10 gói x 18g) - Thơm béo cà phê, tiện lợi. Tự hào hàng Việt",Trà & Cà phê,Cà phê,Cà phê Combo 2 Hộp,2 hộp 180g,Kinka,0.36
1734243057001727279,"Cà phê Muối , Cà phê Sầu riêng, Cà phê sữa",Cà phê,65,"[HOÀNG MÈO x COMBO 3 HỘP] KINKA Cà phê hòa tan Cà phê  - Cafe 3in1 Hộp 180g (10 gói x 18g) - Thơm béo cà phê, tiện lợi. Tự hào hàng Việt",Trà & Cà phê,Cà phê,Cà phê Combo 3 Hộp,3 hộp 180g,Kinka,0.54
1734243057001792815,"Cà phê Muối , Cà phê Sầu riêng, Cà phê Đen",Cà phê,9,"[HOÀNG MÈO x COMBO 3 HỘP] KINKA Cà phê hòa tan Cà phê  - Cafe 3in1 Hộp 180g (10 gói x 18g) - Thơm béo cà phê, tiện lợi. Tự hào hàng Việt",Trà & Cà phê,Cà phê,Cà phê Combo 3 Hộp,3 hộp 180g,Kinka,0.54
1732867932025226543,Mặc định,Cà phê,437,[CHÍNH HÃNG] KINKA Cà phê muối thơm ngon - Hộp 180g (10 gói x 18g) - Cà phê hòa tan muối hồng tách cà phê béo ngậy đậm vị - Tự hào hàng Việt,Trà & Cà phê,Cà phê,Cà phê Muối,1 hộp 180g,Kinka,0.18
1732877463336617263,Mặc định,Cà phê,104,[CHÍNH HÃNG] KINKA Cà phê hòa tan cà phê vị dừa - Hộp 180g (10 gói x 18g) - Thơm ngon béo vị cốt dừa,Trà & Cà phê,Cà phê,Cà phê Dừa,1 hộp 180g,Kinka,0.18
1732877544094860591,Mặc định,Cà phê,21,"[CHÍNH HÃNG] KINKA Cà phê hòa tan Cà phê  Đông Trùng Hạ Thảo - Cung cấp năng lượng, tỉnh táo ngày dài - Hộp 180g (10 gói x 18g)",Trà & Cà phê,Cà phê,Cà phê Đông Trùng Hạ Thảo,1 hộp 180g,Kinka,0.18
1732877624621827375,Mặc định,Cà phê,9,"[CHÍNH HÃNG] KINKA Cà phê hòa tan Cà phê Sâm Ngọc Linh hòa tan, sánh mịn,  giúp tỉnh táo - Hộp 180g (10 gói x 18g)",Trà & Cà phê,Cà phê,Cà phê Sâm Ngọc Linh,1 hộp 180g,Kinka,0.18
1732877643538924847,Mặc định,Cà phê,31,"[ CHÍNH HÃNG ]KINKA Cà phê hòa tan Cà phê đen đá - Hộp 180g (10 gói x 18g) Cà phê đen đậm vị, gu mạnh",Trà & Cà phê,Cà phê,Cà phê Đen Đá,1 hộp 180g,Kinka,0.18
1732878513364174127,Mặc định,Cà phê,34,"[CHÍNH HÃNG] KINKA Cà phê hòa tan Cà phê sữa - Cafe 3in1 Hộp 180g (10 gói x 18g) - Thơm béo cà phê, tiện lợi. Tự hào hàng Việt",Trà & Cà phê,Cà phê,Cà phê Sữa,1 hộp 180g,Kinka,0.18
1732879141501240623,Mặc định,Cà phê,186,"[CHÍNH HÃNG] KINKA Cà phê hòa tan Cà phê sầu riêng- Hộp 180g (10 gói x 18g) - Cà phê vị sầu riêng béo ngậy, sánh mịn",Trà & Cà phê,Cà phê,Cà phê Sầu Riêng,1 hộp 180g,Kinka,0.18
1734151030692218159,Mặc định,Cà phê,293,[CHÍNH HÃNG] KINKA Cà phê muối thơm ngon - Hộp 180g (10 gói x 18g) - Cà phê hòa tan muối hồng tách cà phê béo ngậy đậm vị - Tự hào hàng Việt,Trà & Cà phê,Cà phê,Cà phê Muối,1 hộp 180g,Kinka,0.18
1734195188946797871,Mặc định,Cà phê,39,[COMBO 5 HỘP] KINKA Cà phê thơm ngon - Hộp 180g (10 gói x 18g) - Cà phê hòa tan tách cà phê béo ngậy đậm vị - Tự hào hàng Việt,Trà & Cà phê,Cà phê,Cà phê Combo 5 Hộp,5 hộp 180g,Kinka,0.9
1734518288317318447,Mặc định,Cà phê,9,"[COMBO] KINKA Cà phê  Đông Trùng Hạ Thảo + Cà phê Sâm Ngọc Linh - Cung cấp năng lượng, tỉnh táo ngày dài - Hộp 180g (10 gói x 18g)",Trà & Cà phê,Cà phê,Cà phê Combo 2 Hộp Đông Trùng + Sâm,2 hộp 180g,Kinka,0.36
1735205062865814831,"Tuỳ chọn ( khách ghi chú vị trên đơn nha), (free) Xô giữ nhiệt 1L",Cà phê,1,"[TẶNG QUÀ x COMBO 3 HỘP] KINKA Cà phê hòa tan Cà phê  - Cafe 3in1 Hộp 180g (10 gói x 18g) - Thơm béo cà phê, tiện lợi. Tự hào hàng Việt",Trà & Cà phê,Cà phê,Cà phê Combo 3 Hộp,3 hộp 180g,Kinka,0.54
1735540944999384367,"ĐỔI VỊ KHÁCH GHI CHÚ LẠI GIÚP SHOP NHA , (FREE) CA GIỮ NHIỆT 1L",Cà phê,1,[TẶNG KÈM 2 QUÀ x COMBO 5 HỘP] KINKA Cà phê thơm ngon - Hộp 180g (10 gói x 18g) - Cà phê hòa tan tách cà phê béo ngậy đậm vị - Tự hào hàng Việt,Trà & Cà phê,Cà phê,Cà phê Combo 5 Hộp,5 hộp 180g,Kinka,0.9
1735321620291683631,"ĐỔI VỊ KHÁCH GHI CHÚ LẠI GIÚP SHOP NHA , (FREE) THÙNG ĐÁ MINICE 1L",Cà phê,2,[QUÀ TẶNG x COMBO 5 HỘP] KINKA Cà phê thơm ngon - Hộp 180g (10 gói x 18g) - Cà phê hòa tan tách cà phê béo ngậy đậm vị - Tự hào hàng Việt,Trà & Cà phê,Cà phê,Cà phê Combo 5 Hộp,5 hộp 180g,Kinka,0.9
1733235731332039983,(Quà tặng)Dầu xả Simee,Dầu gội & Dầu xả,3,[HÀNG TẶNG KÈM] Set Quà Tặng Phụ Nữ Đóng Gói Sẵn Siêu Xinh,Chăm sóc cá nhân,Chăm sóc tóc,Set quà tặng phụ nữ,1 set dầu xả SiMee,SiMee,0
1732648130459829551,200ml,Dầu gội & Dầu xả,6,"[HÀNG CHÍNH HÃNG] SiMee Dầu Gội Thảo Dược Óng Mượt 200ml & 600ml - Dành Cho Tóc Khô Xơ, Hư Tổn, Ngăn Rụng Tóc, Giúp Tóc Chắc Khỏe, Suôn Mềm, Hương Cam Thư Thải",Chăm sóc cá nhân,Chăm sóc tóc,Dầu gội thảo dược Cam,Chai 200ml,SiMee,0.2
1732648130459895087,600ml,Dầu gội & Dầu xả,16,"[HÀNG CHÍNH HÃNG] SiMee Dầu Gội Thảo Dược Óng Mượt 200ml & 600ml - Dành Cho Tóc Khô Xơ, Hư Tổn, Ngăn Rụng Tóc, Giúp Tóc Chắc Khỏe, Suôn Mềm, Hương Cam Thư Thải",Chăm sóc cá nhân,Chăm sóc tóc,Dầu gội thảo dược Cam,Chai 600ml,SiMee,0.6
1732648275945358639,600ml,Dầu gội & Dầu xả,7,[HÀNG CHÍNH HÃNG] SiMee Dầu Gội Thảo Dược Bồng Bềnh 200ml & 600ml - Kiểm Soát Dầu Nhờn & Ngừa Gàu - Tóc Mềm Mượt & Khỏe Mạnh,Chăm sóc cá nhân,Chăm sóc tóc,Dầu gội thảo dược Đỏ,Chai 600ml,SiMee,0.6
1732910603833607471,Dầu gội 200ml,Dầu gội & Dầu xả,6,[MUA 1 KÈM 1] SiMee Dầu Gội Thảo Dược Óng Mượt 200ml & 600ml - Dành Cho Tóc Khô Xơ Hư Tổn Ngăn Rụng Tóc Giúp Tóc Chắc Khỏe Suôn Mềm Hương Cam,Chăm sóc cá nhân,Chăm sóc tóc,Dầu gội thảo dược Cam,Chai 200ml,SiMee,0.2
1732910603833673007,Dầu gội 600ml,Dầu gội & Dầu xả,3,[HÀNG CHÍNH HÃNG] SiMee Dầu Gội Thảo Dược Óng Mượt 200ml & 600ml - Dành Cho Tóc Khô Xơ Hư Tổn Ngăn Rụng Tóc Giúp Tóc Chắc Khỏe Suôn Mềm Hương Cam,Chăm sóc cá nhân,Chăm sóc tóc,Dầu gội thảo dược Cam,Chai 600ml,SiMee,0.6
1732648288543999279,Dầu xả 600ml,Dầu gội & Dầu xả,2,"SiMee Dầu Gội Thảo Dược Óng Mượt 200ml & 600ml - Dành Cho Tóc Khô Xơ, Hư Tổn, Ngăn Rụng Tóc, Giúp Tóc Chắc Khỏe, Suôn Mềm, Hương Cam Thư Thải",Chăm sóc cá nhân,Chăm sóc tóc,Dầu xả thảo dược,Chai 600ml,SiMee,0.6
1733255433058485551,Màu cam dành cho tóc xơ 600ml + Dầu xả 600ml,Dầu gội & Dầu xả,19,[HÀNG CHÍNH HÃNG] SiMee Dầu Gội & Dầu Xả Thảo Dược 600ml - Cung Cấp Độ Ẩm Suôn Mượt Chắc Khỏe Giảm Rụng Tóc Với Hà Thủ Ô & Vitamin B5,Chăm sóc cá nhân,Chăm sóc tóc,Combo gội xả Cam,Combo 2 chai 600ml,SiMee,1.2
1733255433058420015,Màu xanh dành cho tóc thường 600ml + Dầu xả 600ml,Dầu gội & Dầu xả,8,[HÀNG CHÍNH HÃNG] SiMee Dầu Gội & Dầu Xả Thảo Dược 600ml - Cung Cấp Độ Ẩm Suôn Mượt Chắc Khỏe Giảm Rụng Tóc Với Hà Thủ Ô & Vitamin B5,Chăm sóc cá nhân,Chăm sóc tóc,Combo gội xả Xanh,Combo 2 chai 600ml,SiMee,1.2
1732854217309914415,Màu Đỏ tóc dầu 600ml,Dầu gội & Dầu xả,2,[HÀNG CHÍNH HÃNG] SiMee Dầu Gội & Dầu Xả Thảo Dược 600ml - Cung Cấp Độ Ẩm Suôn Mượt Chắc Khỏe Giảm Rụng Tóc Với Hà Thủ Ô & Vitamin B5,Chăm sóc cá nhân,Chăm sóc tóc,Combo gội xả Đỏ,Combo 2 chai 600ml,SiMee,1.2
1733255433058551087,Màu đỏ dành cho tóc dầu 600ml + Dầu xả 600ml,Dầu gội & Dầu xả,13,[HÀNG CHÍNH HÃNG] SiMee Dầu Gội & Dầu Xả Thảo Dược 600ml - Cung Cấp Độ Ẩm Suôn Mượt Chắc Khỏe Giảm Rụng Tóc Với Hà Thủ Ô & Vitamin B5,Chăm sóc cá nhân,Chăm sóc tóc,Combo gội xả Đỏ,Combo 2 chai 600ml,SiMee,1.2
1732648272732456239,Mặc định,Dầu gội & Dầu xả,18,[HÀNG CHÍNH HÃNG] SiMee Dầu Xả Thảo Dược SiMee Dung Tích 600ML - Mềm Mượt Suôn Tóc Cung Cấp Độ Ẩm Tóc Vào Nếp Mềm Mại Với Vitamin B5 & Chiết Xuất Thảo Dược,Chăm sóc cá nhân,Chăm sóc tóc,Dầu xả thảo dược,Chai 600ml,SiMee,0.6
1732920325100111151,Mặc định,Dầu gội & Dầu xả,1,[HÀNG TẶNG KÈM] SiMee Dầu Xả Thảo Dược SiMee Dung Tích 600ML - Mềm Mượt Suôn Tóc Cung Cấp Độ Ẩm Tóc Vào Nếp Mềm Mại Với Vitamin B5 & Chiết Xuất Thảo Dược,Quà tặng,Quà tặng,Dầu xả thảo dược,,SiMee,0
1733230400130745647,SET QUÀ TẶNG SỮA TẮM,Dầu gội & Dầu xả,2,[HÀNG TẶNG KÈM] Set Quà Tặng Phụ Nữ Đóng Gói Sẵn Siêu Xinh,Chăm sóc cá nhân,Chăm sóc cơ thể,Set quà tặng phụ nữ,1 set sữa tắm,SiMee,0.48
1732880471847372079,Mặc định,Hỗn hợp đồ uống dạng bột,8,"[HÀNG CHÍNH HÃNG]KINKA Bột Đậu Xanh Sữa Hoà Tan - Hộp 255g (15 gói x 17g) - Bột Đậu Xanh Pha Sẵn Thơm Béo, Phù Hợp Ăn Chay",Trà & Cà phê,Bột dinh dưỡng,Bột Đậu Xanh Sữa ,1 hộp 255g,Kinka,0.26
1732880503797286191,Mặc định,Hỗn hợp đồ uống dạng bột,9,"[HÀNG CHÍNH HÃNG] KINKA Bột Hạt Sen Sữa Hoà Tan - Hộp 255g (15 gói x 17g) - Bột Hạt Sen Pha Sẵn Thơm Béo, Phù Hợp Ăn Chay",Trà & Cà phê,Bột dinh dưỡng,Bột Hạt Sen Sữa,1 hộp 255g,Kinka,0.26
1734139246250329391,1 lít (phổ biến),Khác,4,"[MUA 1 + 1] I-ONCARE Nước ION rửa rau củ quả, thực phẩm, thuỷ hải sản - Loại bỏ tồn dư chất bẩn, hóa chất trong thực phẩm, an toàn cho cả gia đình - Không màu, không mùi",Chăm sóc gia đình,Nước rửa rau củ,Nước rửa rau củ,Chai 1 Lít,IONCare,1
1732879876499146031,500ml,Khác,1,"[CHÍNH HÃNG] I-ONCARE Nước ION rửa rau củ quả, thực phẩm, thuỷ hải sản - Loại bỏ tồn dư chất bẩn, hóa chất trong thực phẩm, an toàn cho cả gia đình - Không màu, không mùi",Chăm sóc gia đình,Nước rửa rau củ,Nước rửa rau củ,Chai 500ml,IONCare,0.5
1732861856055854383,Hồng,Khăn tắm,5,"Khăn tắm Cotton mềm mại thấm hút tốt - Khăn tắm gội đầu độ bền màu cao, dày dặn",Quà tặng,Quà tặng,Khăn tắm,,No-brand,0
1732817516683429167,Mặc định,Khăn tắm,7,"Khăn tắm Cotton mềm mại thấm hút tốt - Khăn tắm gội đầu độ bền màu cao, dày dặn",Quà tặng,Quà tặng,Khăn tắm,,No-brand,0
1732861856055788847,Vàng,Khăn tắm,4,"Khăn tắm Cotton mềm mại thấm hút tốt - Khăn tắm gội đầu độ bền màu cao, dày dặn",Quà tặng,Quà tặng,Khăn tắm,,No-brand,0
1733386992367469871,"5 cái (1 túi), Họa tiết",Khẩu trang cho bé,3,[ĐỒNG GIÁ 9K] Khẩu trang trẻ em Gold 3D Mask Kids - Túi 5 cái - Khẩu trang chống bụi size nhỏ cho bé | Trường Dương,Y tế,Khẩu trang,KT Trẻ em Gold3D Kids,Túi 5 cái,Y tế,5
1733386992367535407,"5 cái (1 túi), Xanh",Khẩu trang cho bé,12,[ĐỒNG GIÁ 9K] Khẩu trang trẻ em Gold 3D Mask Kids - Túi 5 cái - Khẩu trang chống bụi size nhỏ cho bé | Trường Dương,Y tế,Khẩu trang,KT Trẻ em Gold3D Kids,Túi 5 cái,Y tế,5
1733948747517625647,3D FINE Mask (Túi 5 cái),Khẩu trang y tế,86,"[HÀNG TẶNG ] Khẩu Trang Kháng Khuẩn, Lọc Bụi Mịn Loại Gold 3D Mask - Túi 5 Cái | Màu Xanh Dương | Trường Dương",Y tế,Khẩu trang,KT Gold3D,Túi 5 cái,Y tế,5
1732880338269013295,Mặc định,"Ngũ cốc ăn sáng, Ngũ cốc & Yến mạch",1,"[HÀNG CHÍNH HÃNG]KINKA Bột ngũ cốc dinh dưỡng (không đường) 200g - Thành phần dinh dưỡng từ gạo lứt, hạt óc chó, hạnh nhân - Dùng được cho người ăn chay, ăn kiêng",Trà & Cà phê,Bột dinh dưỡng,Bột Ngũ Cốc Không Dường,Hộp 200g,Kinka,0.2
1734151389484778799,"Hoa Hạ 2kg + 3,2kg",Nước giặt,2,[CHÍNH HÃNG] Combo Revy Nước Giặt Xả 2 trong 1 - Công Nghệ ION Đột Phá Làm Sạch Hiệu Quả Mềm Vải Hương Thơm Mát Tiết Kiệm Thời Gian & Công Sức,Chăm sóc gia đình,Nước giặt xả 2-in-1,Nước giặt xả 2-in-1 Hoa Hạ,Combo 5.2kg,Revy,5.2
1734151389484647727,"Hoa Nắng 2kg + 3,2kg",Nước giặt,4,[CHÍNH HÃNG] Combo Revy Nước Giặt Xả 2 trong 1 - Công Nghệ ION Đột Phá Làm Sạch Hiệu Quả Mềm Vải Hương Thơm Mát Tiết Kiệm Thời Gian & Công Sức,Chăm sóc gia đình,Nước giặt xả 2-in-1,Nước giặt xả 2-in-1 Hoa Nắng,Combo 5.2kg,Revy,5.2
1734151389484713263,"Hoa Xuân 2kg + 3,2kg",Nước giặt,5,[CHÍNH HÃNG] Combo Revy Nước Giặt Xả 2 trong 1 - Công Nghệ ION Đột Phá Làm Sạch Hiệu Quả Mềm Vải Hương Thơm Mát Tiết Kiệm Thời Gian & Công Sức,Chăm sóc gia đình,Nước giặt xả 2-in-1,Nước giặt xả 2-in-1 Hoa Xuân,Combo 5.2kg,Revy,5.2
1732647967276893487,Bạc hà,Nước lau kính,3,"[HÀNG CHÍNH HÃNG] Nước Lau Kính REVY Hương Bạc Hà & Hương Trà Xanh 500ml - Công nghệ ION dột phá, sạch bóng, không để lại cặn, vết ố",Chăm sóc gia đình,Nước lau kính,Nước lau kính Bạc Hà,Chai 500ml,Revy,0.5
1732647967276959023,Trà xanh,Nước lau kính,3,"[HÀNG CHÍNH HÃNG] Nước Lau Kính REVY Hương Bạc Hà & Hương Trà Xanh 500ml - Công nghệ ION dột phá, sạch bóng, không để lại cặn, vết ố",Chăm sóc gia đình,Nước lau kính,Nước lau kính Trà Xanh,Chai 500ml,Revy,0.5
1732644535545333039,Bạc hà Hoa hạ,Nước lau sàn,12,"[CHÍNH HÃNG] Nước lau sàn Revy - Chai 2L - Sàn nhà sáng bóng - Hương Bạc hà Hoa hạ, Hương Lily, Hương Cam Quế, Hương Sả Gừng",Chăm sóc gia đình,Nước lau sàn,Nước lau sàn Bạc Hà Hoa Hạ,Chai 2L,Revy,2
1734856827708081455,"Bạc hà Hoa hạ, Bạc Hà , CHANH",Nước lau sàn,2,[HOÀNG MÈO x COMBO HỜI 4 MÓN]  Nước lau sàn Revy - Chai 2L + Nước rửa chén Revy 400g + Nước lau kính 500ml,Chăm sóc gia đình,Combo dọn nhà,Combo dọn nhà,,Revy,2.9
1734856827707950383,"Bạc hà Hoa hạ, Bạc Hà , SẢ GỪNG",Nước lau sàn,6,[HOÀNG MÈO x COMBO HỜI 4 MÓN]  Nước lau sàn Revy - Chai 2L + Nước rửa chén Revy 400g + Nước lau kính 500ml,Chăm sóc gia đình,Combo dọn nhà,Combo dọn nhà,,Revy,2.9
1734139142617072943,"Bạc hà Hoa hạ, Chanh, Bạc Hà",Nước lau sàn,2,[COMBO NHÀ SẠCH AN NHIÊN] Nước lau sàn Revy - Chai 2L + Nước rửa chén Revy 800g + Nước lau kính 500ml,Chăm sóc gia đình,Combo dọn nhà,Combo dọn nhà,,Revy,3.3
1734139142617138479,"Bạc hà Hoa hạ, Chanh, Trà Xanh",Nước lau sàn,3,[COMBO NHÀ SẠCH AN NHIÊN] Nước lau sàn Revy - Chai 2L + Nước rửa chén Revy 800g + Nước lau kính 500ml,Chăm sóc gia đình,Combo dọn nhà,Combo dọn nhà,,Revy,3.3
1734139142616941871,"Bạc hà Hoa hạ, Sả gừng, Bạc Hà",Nước lau sàn,11,[COMBO NHÀ SẠCH AN NHIÊN] Nước lau sàn Revy - Chai 2L + Nước rửa chén Revy 800g + Nước lau kính 500ml,Chăm sóc gia đình,Combo dọn nhà,Combo dọn nhà,,Revy,3.3
1734139142617007407,"Bạc hà Hoa hạ, Sả gừng, Trà Xanh",Nước lau sàn,1,[COMBO DỌN NHÀ SẠCH - ĐÓN TẾT VUI] Nước lau sàn Revy - Chai 2L + Nước rửa chén Revy 800g + Nước lau kính 500ml,Chăm sóc gia đình,Combo dọn nhà,Combo dọn nhà,,Revy,3.3
1734139142617400623,"Bạc hà Hoa hạ, Trà Xanh , Trà Xanh",Nước lau sàn,1,[COMBO DỌN NHÀ SẠCH - ĐÓN TẾT VUI] Nước lau sàn Revy - Chai 2L + Nước rửa chén Revy 800g + Nước lau kính 500ml,Chăm sóc gia đình,Combo dọn nhà,Combo dọn nhà,,Revy,3.3
1734139142617204015,"Bạc hà Hoa hạ, Trà Xanh Dưa Lưới, Bạc Hà",Nước lau sàn,1,[COMBO DỌN NHÀ SẠCH] Nước lau sàn Revy - Chai 2L + Nước rửa chén Revy 800g + Nước lau kính 500ml,Chăm sóc gia đình,Combo dọn nhà,Combo dọn nhà,,Revy,3.3
1734856827708278063,"Bạc hà Hoa hạ, Trà Xanh, TRÀ XANH",Nước lau sàn,2,[HOÀNG MÈO x COMBO HỜI 4 MÓN]  Nước lau sàn Revy - Chai 2L + Nước rửa chén Revy 400g + Nước lau kính 500ml,Chăm sóc gia đình,Combo dọn nhà,Combo dọn nhà,,Revy,2.9
1732644535545529647,Cam Quế,Nước lau sàn,12,"[CHÍNH HÃNG] Nước lau sàn Revy - Chai 2L - Sàn nhà sáng bóng - Hương Bạc hà Hoa hạ, Hương Lily, Hương Cam Quế, Hương Sả Gừng",Chăm sóc gia đình,Nước lau sàn,Nước lau sàn Cam Quế,,Revy,2
1734856827708998959,"Cam Quế, Bạc Hà , SẢ GỪNG",Nước lau sàn,1,[HOÀNG MÈO x COMBO HỜI 4 MÓN]  Nước lau sàn Revy - Chai 2L + Nước rửa chén Revy 400g + Nước lau kính 500ml,Chăm sóc gia đình,Combo dọn nhà,Combo dọn nhà,,Revy,2.9
1734139142618645807,"Cam Quế, Chanh, Bạc Hà",Nước lau sàn,1,[COMBO NHÀ SẠCH AN NHIÊN] Nước lau sàn Revy - Chai 2L + Nước rửa chén Revy 800g + Nước lau kính 500ml,Chăm sóc gia đình,Combo dọn nhà,Combo dọn nhà,,Revy,3.3
1732644535545398575,Lily,Nước lau sàn,12,"[CHÍNH HÃNG] Nước lau sàn Revy - Chai 2L - Sàn nhà sáng bóng - Hương Bạc hà Hoa hạ, Hương Lily, Hương Cam Quế, Hương Sả Gừng",Chăm sóc gia đình,Nước lau sàn,Nước lau sàn Lily,,Revy,2
1734139142617466159,"Lily, Sả gừng, Bạc Hà",Nước lau sàn,1,[ĐỘC QUYỀN HOÀNG MÈO] x [COMBO DỌN NHÀ SẠCH - ĐÓN TẾT VUI] Nước lau sàn Revy - Chai 2L + Nước rửa chén Revy 800g + Nước lau kính 500ml,Chăm sóc gia đình,Combo dọn nhà,Combo dọn nhà,,Revy,3.3
1734139142617728303,"Lily, Trà Xanh Dưa Lưới, Bạc Hà",Nước lau sàn,1,[ĐỘC QUYỀN HOÀNG MÈO] x [COMBO DỌN NHÀ SẠCH - ĐÓN TẾT VUI] Nước lau sàn Revy - Chai 2L + Nước rửa chén Revy 800g + Nước lau kính 500ml,Chăm sóc gia đình,Combo dọn nhà,Combo dọn nhà,,Revy,3.3
1732644535545464111,Sả Gừng,Nước lau sàn,17,"[CHÍNH HÃNG] Nước lau sàn Revy - Chai 2L - Sàn nhà sáng bóng - Hương Bạc hà Hoa hạ, Hương Lily, Hương Cam Quế, Hương Sả Gừng",Chăm sóc gia đình,Nước lau sàn,Nước lau sàn Sả Gừng,,Revy,2
1734856827708605743,"Sả Gừng, Bạc Hà , CHANH",Nước lau sàn,1,[HOÀNG MÈO x COMBO HỜI 4 MÓN]  Nước lau sàn Revy - Chai 2L + Nước rửa chén Revy 400g + Nước lau kính 500ml,Chăm sóc gia đình,Combo dọn nhà,Combo dọn nhà,,Revy,2.9
1734856827708474671,"Sả Gừng, Bạc Hà , SẢ GỪNG",Nước lau sàn,1,[HOÀNG MÈO x COMBO HỜI 4 MÓN]  Nước lau sàn Revy - Chai 2L + Nước rửa chén Revy 400g + Nước lau kính 500ml,Chăm sóc gia đình,Combo dọn nhà,Combo dọn nhà,,Revy,2.9
1734856827708540207,"Sả Gừng, Bạc Hà , TRÀ XANH",Nước lau sàn,1,[HOÀNG MÈO x COMBO HỜI 4 MÓN]  Nước lau sàn Revy - Chai 2L + Nước rửa chén Revy 400g + Nước lau kính 500ml,Chăm sóc gia đình,Combo dọn nhà,Combo dọn nhà,,Revy,2.9
1734139142618383663,"Sả Gừng, Trà Xanh , Bạc Hà",Nước lau sàn,1,[COMBO DỌN NHÀ SẠCH - ĐÓN TẾT VUI] Nước lau sàn Revy - Chai 2L + Nước rửa chén Revy 800g + Nước lau kính 500ml,Chăm sóc gia đình,Combo dọn nhà,Combo dọn nhà,,Revy,3.3
1734856827708802351,"Sả Gừng, Trà Xanh, TRÀ XANH",Nước lau sàn,1,[HOÀNG MÈO x COMBO HỜI 4 MÓN]  Nước lau sàn Revy - Chai 2L + Nước rửa chén Revy 400g + Nước lau kính 500ml,Chăm sóc gia đình,Combo dọn nhà,Combo dọn nhà,,Revy,2.9
1732648445028893999,Hoa Anh Dào,Nước rửa tay,27,[MUA 2 GIẢM 50%] Nước Rửa Tay SiMee Dưỡng Ẩm 480ml - Công Thức Mới Giúp Da Tay Mềm Mịn Với HA Hương Hoa Anh Đào & Ổi Trà Xanh,Chăm sóc cá nhân,Nước rửa tay,Nước rửa tay Hoa Anh Đào,,SiMee,0.48
1732648445028959535,Ổi Trà xanh,Nước rửa tay,11,[MUA 2 GIẢM 50%] Nước Rửa Tay SiMee Dưỡng Ẩm 480ml - Công Thức Mới Giúp Da Tay Mềm Mịn Với HA Hương Hoa Anh Đào & Ổi Trà Xanh,Chăm sóc cá nhân,Nước rửa tay,Nước rửa tay Hoa Ổi Trà Xanh,,SiMee,0.48
1732648397582927151,Dâu tằm Yến mạch,Sữa tắm & Xà phòng,17,"[HÀNG CHÍNH HÃNG] Sữa tắm spa SiMee Dứa Hồng Nhiệt Đợi & Dâu Tằm Yến Mạch | Làm sạch - Dưỡng trắng – Dưỡng ẩm – Dịu da | Chai 1L dung tích lớn, tiết kiệm hơn",Chăm sóc cá nhân,Chăm sóc cơ thể,Sữa tắm Spa Dâu Tằm Yến Mạch,,SiMee,1
1732648397582992687,Dứa hồng nhiệt đới,Sữa tắm & Xà phòng,5,"[HÀNG CHÍNH HÃNG] Sữa tắm spa SiMee Dứa Hồng Nhiệt Đợi & Dâu Tằm Yến Mạch | Làm sạch - Dưỡng trắng – Dưỡng ẩm – Dịu da | Chai 1L dung tích lớn, tiết kiệm hơn",Chăm sóc cá nhân,Chăm sóc cơ thể,Sữa tắm Spa Dứa Hồng,,SiMee,1
1732648369673962799,"Hoa Trà - nhẹ nhàng, tinh tế",Sữa tắm & Xà phòng,1,"SiMee Sữa Tắm Nước Hoa SiMee Hương Hoa Trà & Linh Lan - Cung Cấp Dưỡng Ẩm, Sạch Mịn Da - Chai 480ml - Hương Thơm Tinh Tế Từ Pháp",Chăm sóc cá nhân,Chăm sóc cơ thể,Sữa tắm Nước Hoa Hoa Trà,Chai 480ml,SiMee,0.48
1733315471993242927,"Hoa Trà - nhẹ nhàng, tinh tế, 200ml",Sữa tắm & Xà phòng,1,"[HÀNG CHÍNH HÃNG] SiMee Sữa Tắm Nước Hoa SiMee Hương Hoa Trà & Linh Lan - Cung Cấp Dưỡng Ẩm, Sạch Mịn Da - Chai 480ml - Hương Thơm Tinh Tế Từ Pháp",Chăm sóc cá nhân,Chăm sóc cơ thể,Sữa Tắm Nước Hoa Hoa Trà,Chai 200ml,SiMee,0.2
1732648369674028335,"Linh Lan - lôi cuốn, quyến rũ",Sữa tắm & Xà phòng,1,"SiMee Sữa Tắm Nước Hoa SiMee Hương Hoa Trà & Linh Lan - Cung Cấp Dưỡng Ẩm, Sạch Mịn Da - Chai 480ml - Hương Thơm Tinh Tế Từ Pháp",Chăm sóc cá nhân,Chăm sóc cơ thể,Sữa Tắm Nước Hoa Linh Lan,Chai 480ml,SiMee,0.48
1733315471993439535,"Linh Lan - lôi cuốn, quyến rũ, 480ml",Sữa tắm & Xà phòng,1,"SiMee Sữa Tắm Nước Hoa SiMee Hương Hoa Trà & Linh Lan - Cung Cấp Dưỡng Ẩm, Sạch Mịn Da - Chai 480ml - Hương Thơm Tinh Tế Từ Pháp",Chăm sóc cá nhân,Chăm sóc cơ thể,Sữa Tắm Nước Hoa Linh Lan,Chai 480ml,SiMee,0.48
1732817537273595183,Mặc định,Thảm phòng tắm,11,[HÀNG TẶNG] Thảm lau chân nhà tắm thấm hút nước tốt kích thước 40x60 cm - Thảm chân phòng tắm kiểu dáng đẹp,Quà tặng,Quà tặng,Thảm lau sàn,,No-brand,0
1734858567161447727,"Atiso, Hoa Cúc, Tim Sen",Trà,6,[HOÀNG MÈO x COMBO 3 TRÀ THẢO MỘC] KINKA Trà thảo mộc - Hộp 50g (2g x 25 túi),Trà & Cà phê,Trà thảo mộc,Trà thảo mộc Combo 3 Hộp,3 hộp 50g,Kinka,0.15
1734858567161513263,"Atiso, Hoa Cúc, Trà gừng",Trà,2,[HOÀNG MÈO x COMBO 3 TRÀ THẢO MỘC] KINKA Trà thảo mộc - Hộp 50g (2g x 25 túi),Trà & Cà phê,Trà thảo mộc,Trà thảo mộc Combo 3 Hộp,3 hộp 50g,Kinka,0.15
1732643907999663407,Hộp 20 gói,Trà,1,"[HÀNG CHÍNH HÃNG] Diabetea KINKA Trà Hoa Vàng Gia Lai & Dây Thìa Canh - Trà Túi lọc 40g (20 gói x 2g) - Chứng Nhận ISO, HACCP, VietGAP",Trà & Cà phê,Trà hoa vàng,Trà hoa vàng Dây Thìa Canh,Hộp 40g,Kinka,0.04
1732822393159124271,Hộp 25 gói,Trà,80,[HÀNG CHÍNH HÃNG] KINKA Trà túi lọc Atiso - Hộp 50g (25 gói x 2g) - Trà thảo mộc giúp thanh lọc cơ thể & tăng cường hệ miễn dịch - Hương vị ngọt thanh tự nhiên,Trà & Cà phê,Trà thảo mộc,Trà Atisô,Hộp 50g,Kinka,0.05
1732641548455937327,Mặc định,Trà,3,KINKA Trà Hoa Vàng Gia Lai - Set Trà Phúc Duyên KINKA Hộp 50g + 10 Gói Túi Lọc - Sản Phẩm OCOP 4 Sao VietGAP - Tự Hào Hàng Việt,Trà & Cà phê,Trà hoa vàng,Set trà Phúc Duyên,Set Hộp 50g + 10 gói túi lọc,Kinka,0.06
1732642423431464239,Mặc định,Trà,6,"[HÀNG CHÍNH HÃNG] Fountain of Youth KINKA Trà Hoa Vàng Gia Lai: Lá Xanh & Hoa - Túi 60 gói x 2g - Túi lớn tiết kiệm hơn - Chứng Nhận ISO, HACCP, VietGAP",Trà & Cà phê,Trà hoa vàng,Trà hoa vàng Lá Xanh & Hoa,Túi 120g,Kinka,0.12
1732642922078111023,Mặc định,Trà,2,"[HÀNG CHÍNH HÃNG] Puritea KINKA Trà Hoa Vàng Gia Lai & Atiso - Hộp 20 gói x 2g - Giúp hỗ trợ chức năng gan, chống oxy hoá",Trà & Cà phê,Trà hoa vàng,Trà hoa vàng Atisô,Hộp 40g,Kinka,0.04
1732643897884968239,Mặc định,Trà,2,"[HÀNG CHÍNH HÃNG]Calmellia KINKA Trà Hoa Vàng Gia Lai & Tim Sen - Trà Túi Lọc 40g (20 gói x 2g) - Trà Giúp An Thần, Ngủ Ngon- Chứng Nhận ISO, HACCP, VietGAP",Trà & Cà phê,Trà hoa vàng,Trà hoa vàng Tim Sen,Hộp 40g,Kinka,0.04
1732650909437691183,Mặc định,Trà,3,"[HÀNG CHÍNH HÃNG] KINKA Trà râu bắp (râu ngô) - Trà thảo mộc lợi tiểu, thanh nhiệt, Hộp 50g (25 túi x 2g) | Trà túi lọc",Trà & Cà phê,Trà thảo mộc,Trà râu bắp,Hộp 50g,Kinka,0.05
1732805336054990127,Mặc định,Trà,11,"[HÀNG CHÍNH HÃNG]KINKA Trà tim sen linh chi - giúp an thần, ngủ ngon, tốt cho tim mạch, Hộp 50g (25 túi x 2g)",Trà & Cà phê,Trà thảo mộc,Trà tim sen linh sen,Hộp 50g,Kinka,0.05
1732805794262582575,Mặc định,Trà,1,[HÀNG CHÍNH HÃNG] KINKA Trà Xạ Đen - Hỗ Trợ Thanh Lọc Cơ Thể Tăng Cường Sức Khỏe - 50g (2g x 25 Túi Lọc) - Trà thảo mộc,Trà & Cà phê,Trà thảo mộc,Trà xạ đen,Hộp 50g,Kinka,0.05
1732806201111643439,Mặc định,Trà,1,"[HÀNG CHÍNH HÃNG] KINKA Trà Nhàu Túi Lọc 200g (2g x 100 Túi) - Thanh Nhiệt, Hỗ Trợ Tăng Cường Sức Khỏe - Trà Thảo Mộc",Trà & Cà phê,Trà thảo mộc,Trà nhàu,Túi 200g,Kinka,0.2
1732823904017745199,Mặc định,Trà,1,"[HÀNG CHÍNH HÃNG] KINKA Trà khổ qua (Trà mướp đắng) 200g (100 gói x 2g) Trà Túi Lọc, Trà thảo mộc",Trà & Cà phê,Trà thảo mộc,Trà khổ qua,Túi 200g,Kinka,0.2
1732828303379301679,Mặc định,Trà,5,"[HÀNG CHÍNH HÃNG] KINKA Trà Hoa Cúc - Hộp 50g (2g x 25 túi) - Hỗ trợ an thần, ngủ ngon",Trà & Cà phê,Trà thảo mộc,Trà hoa cúc,Hộp 50g,Kinka,0.05
1732828553064973615,Mặc định,Trà,2,[MUA 3 TẶNG 1] KINKA Chè Dây Túi Lọc - Hộp 50g (2g x 25 túi) Trà Thảo Mộc Hỗ Trợ Tiêu Viêm & Giải Độc Cơ Thể Tự Nhiên,Trà & Cà phê,Trà thảo mộc,Chè dây,Hộp 50g,Kinka,0.05
1732828584755103023,Mặc định,Trà,3,[HÀNG CHÍNH HÃNG] KINKA Trà lá ổi 200g (100 gói x 2g) - Trà thảo mộc,Trà & Cà phê,Trà thảo mộc,Trà lá ổi,Túi 200g,Kinka,0.2
1732828595899368751,Mặc định,Trà,5,"[HÀNG CHÍNH HÃNG] Diabetea KINKA Trà Hoa Vàng Gia Lai & Dây Thìa Canh - Túi tiết kiệm (60 gói x 2g) - Chứng Nhận ISO, HACCP, VietGAP",Trà & Cà phê,Trà hoa vàng,Trà hoa vàng Dây Thìa Canh,Túi 120g,Kinka,0.12
1732847223164798255,Mặc định,Trà,1,[HÀNG CHÍNH HÃNG] KINKA Trà túi lọc Atiso - Túi 100 gói tiết kiệm 200g (100 gói x 2g) - Trà thảo mộc giúp thanh lọc cơ thể & tăng cường hệ miễn dịch - Hương vị ngọt thanh tự nhiên,Trà & Cà phê,Trà thảo mộc,Trà Atisô,Túi 200g,Kinka,0.2
1732880211748160815,Mặc định,Trà,1,"[HÀNG CHÍNH HÃNG]KINKA Trà gừng hòa tan 200g (20 gói x 10g) - Gừng già, gừng gió - Làm ấm cơ thể, tăng sức đề kháng, phòng chống cảm lạnh",Trà & Cà phê,Trà thảo mộc,Trà gừng hòa tan,Hộp 200g,Kinka,0.2
1732880232589329711,Mặc định,Trà,26,"[HÀNG CHÍNH HÃNG]KINKA Trà gừng hòa tan 100g (10 gói x 10g) - Gừng già, gừng gió - Làm ấm cơ thể",Trà & Cà phê,Trà thảo mộc,Trà gừng hòa tan,Hộp 100g,Kinka,0.1
1732880317605053743,Mặc định,Trà,11,"[HÀNG CHÍNH HÃNG] KINKA Trà gừng túi lọc 50g (25 gói x 2g) - Không đường, trà thảo mộc - Hỗ trợ tiêu hóa, làm ấm cơ thể, phòng chống cảm lạnh",Trà & Cà phê,Trà thảo mộc,Trà gừng túi lọc,Hộp 50g,Kinka,0.05
1734142023687439663,Mặc định,Trà,12,[ĐỘC QUYỀN HOÀNG MÈO]x[SET TRÀ SẮC XUÂN THẢO MỘC] KINKA Trà thảo mộc - Hộp 50g (2g x 25 túi),Trà & Cà phê,Trà thảo mộc,,,,
1732643907999728943,Túi zip 60 gói (Tiết kiệm hơn),Trà,2,"Diabetea KINKA Trà Hoa Vàng Gia Lai & Dây Thìa Canh - Trà Túi lọc 40g (20 gói x 2g) - Chứng Nhận ISO, HACCP, VietGAP",Trà & Cà phê,Trà thảo mộc,Trà hoa vàng Dây Thìa Canh,Hộp 40g,Kinka,0.04
1732648365763953967,No. 33,Đồ tắm & Chăm sóc cơ thể,2,[HÀNG CHÍNH HÃNG] SiMee Sữa Tắm Gội Nước Hoa Nam 2in1 - Tiện Lợi Nam Tính Cuốn Hút 600ml - No.33 & No.602,Chăm sóc cá nhân,Sữa tắm gội nam,Sữa tắm gội nam No.33,Chai 600ml,SiMee,0.6
1732791970731558191,Chanh,Đồ vệ sinh nhà cửa,6,"[HÀNG CHÍNH HÃNG] Nước rửa chén REVY CAN TO 3.8KG - Thành phần công nghệ ion đột phá - Hương trà xanh, Hương chanh, Hương dưa lưới, Hương sả gừng",Chăm sóc gia đình,Nước rửa chén,Nước rửa chén Chanh,Can 3.8kg,Revy,3.8
1732644672445252911,Hoa Hạ,Đồ vệ sinh nhà cửa,3,[HÀNG CHÍNH HÃNG] Revy Nước Giặt Xả 2 trong 1 - Chai 2 kg - Công Nghệ ION Đột Phá Làm Sạch Hiệu Quả Mềm Vải Hương Thơm Mát Tiết Kiệm Thời Gian & Công Sức,Chăm sóc gia đình,Nước giặt xả 2-in-1,Nước giặt xả 2-in-1 Hoa Hạ,Chai 2kg,Revy,2
1732817455923168559,Hoa Hạ,Đồ vệ sinh nhà cửa,6,[HÀNG CHÍNH HÃNG] Revy Túi Nước Giặt Xả 2 trong 1 - 3.2kg - Công Nghệ ION Đột Phá Làm Sạch Hiệu Quả Mềm Vải Hương Thơm Mát Tiết Kiệm Thời Gian & Công Sức,Chăm sóc gia đình,Nước giặt xả 2-in-1,Nước giặt xả 2-in-1 Hoa Hạ,Túi 3.2kg,Revy,3.2
1732644672445121839,Hoa Nắng,Đồ vệ sinh nhà cửa,2,[HÀNG CHÍNH HÃNG] Revy Nước Giặt Xả 2 trong 1 - Chai 2 kg - Công Nghệ ION Đột Phá Làm Sạch Hiệu Quả Mềm Vải Hương Thơm Mát Tiết Kiệm Thời Gian & Công Sức,Chăm sóc gia đình,Nước giặt xả 2-in-1,Nước giặt xả 2-in-1 Hoa Nắng,Chai 2kg,Revy,2
1732813660888991023,Hoa Nắng,Đồ vệ sinh nhà cửa,1,[HÀNG CHÍNH HÃNG] COMBO 2 Túi Nước Giặt Xả Revy 2 trong 1 - 3.2kg x 2 - Công Nghệ ION Đột Phá Làm Sạch Hiệu Quả Mềm Vải Hương Thơm Mát Tiết Kiệm Thời Gian & Công Sức,Chăm sóc gia đình,Nước giặt xả 2-in-1,Nước giặt xả 2-in-1 Hoa Nắng,Combo 6.4kg,Revy,6.4
1732817455923037487,Hoa Nắng,Đồ vệ sinh nhà cửa,13,[HÀNG CHÍNH HÃNG] Revy Túi Nước Giặt Xả 2 trong 1 - 3.2kg - Công Nghệ ION Đột Phá Làm Sạch Hiệu Quả Mềm Vải Hương Thơm Mát Tiết Kiệm Thời Gian & Công Sức,Chăm sóc gia đình,Nước giặt xả 2-in-1,Nước giặt xả 2-in-1 Hoa Nắng,Túi 3.2kg,Revy,3.2
1732644594749769007,Hoa Xuân,Đồ vệ sinh nhà cửa,1,Revy Nước Giặt Xả 2 trong 1 - TÚI 3.2kg - Công Nghệ ION Đột Phá Làm Sạch Hiệu Quả Mềm Vải Hương Thơm Mát Tiết Kiệm Thời Gian & Công Sức,Chăm sóc gia đình,Nước giặt xả 2-in-1,Nước giặt xả 2-in-1 Hoa Xuân,Túi 3.2kg,Revy,3.2
1732644672445187375,Hoa Xuân,Đồ vệ sinh nhà cửa,22,[HÀNG CHÍNH HÃNG] Revy Nước Giặt Xả 2 trong 1 - Chai 2 kg - Công Nghệ ION Đột Phá Làm Sạch Hiệu Quả Mềm Vải Hương Thơm Mát Tiết Kiệm Thời Gian & Công Sức,Chăm sóc gia đình,Nước giặt xả 2-in-1,Nước giặt xả 2-in-1 Hoa Xuân,Chai 2kg,Revy,2
1732813660889056559,Hoa Xuân,Đồ vệ sinh nhà cửa,2,[TẶNG GẤU BÔNG] COMBO 2 Túi Nước Giặt Xả Revy 2 trong 1 - 3.2kg x 2 - Công Nghệ ION Đột Phá Làm Sạch Hiệu Quả Mềm Vải Hương Thơm Mát Tiết Kiệm Thời Gian & Công Sức,Chăm sóc gia đình,Nước giặt xả 2-in-1,Nước giặt xả 2-in-1 Hoa Xuân,Combo 6.4kg,Revy,6.4
1732817455923103023,Hoa Xuân,Đồ vệ sinh nhà cửa,35,[HÀNG CHÍNH HÃNG] Revy Túi Nước Giặt Xả 2 trong 1 - 3.2kg - Công Nghệ ION Đột Phá Làm Sạch Hiệu Quả Mềm Vải Hương Thơm Mát Tiết Kiệm Thời Gian & Công Sức,Chăm sóc gia đình,Nước giặt xả 2-in-1,Nước giặt xả 2-in-1 Hoa Xuân,Túi 3.2kg,Revy,3.2
1732644396666291503,Hương Chanh,Đồ vệ sinh nhà cửa,1,"[HÀNG CHÍNH HÃNG] Nước rửa chén REVY 800g - Thành phần công nghệ ion đột phá - Hương trà xanh, Hương chanh, Hương dưa lưới, Hương sả gừng",Chăm sóc gia đình,Nước rửa chén,Nước rửa chén Chanh,Chai 800g,Revy,0.8
1732647804799321391,Rosé,Đồ vệ sinh nhà cửa,1,"Revy Nước Xả Vải - Túi 3.2kg Hương Rosé & Bella - Công Nghệ ION Đột Phá, Giữ Màu Sợi Mềm Mại, Lưu hương bền lâu cả ngày, Hương thơm tinh tế",Chăm sóc gia đình,Nước xả vải,Nước xả vải Rosé,Túi 3.2kg,Revy,3.2
1732647860664304943,Rosé,Đồ vệ sinh nhà cửa,1,"[HÀNG CHÍNH HÃNG] Revy Nước Xả Vải 2kg Hương Rosé & Bella - Công Nghệ ION Đột Phá, Giữ Màu Sợi Mềm Mại, Lưu hương bền lâu cả ngày, Hương thơm tinh tế",Chăm sóc gia đình,Nước xả vải,Nước xả vải Rosé,Chai 2kg,Revy,2
1732791970731623727,Trà xanh,Đồ vệ sinh nhà cửa,1,"[HÀNG CHÍNH HÃNG] Nước rửa chén REVY CAN TO 3.8KG - Thành phần công nghệ ion đột phá - Hương trà xanh, Hương chanh, Hương dưa lưới, Hương sả gừng",Chăm sóc gia đình,Nước rửa chén,Nước rửa chén Trà Xanh,Can 3.8kg,Revy,3.8
